,achilles,actaeon,adrastus,agamemnon,ajax,alcestis_and_admetus,alcmene_and_amphitryon,amphiaraus,andromache,andromeda,antigone,arachne,argonauts,atalanta,bellerophon,cadmus,callisto,cassandra,clytemnestra,daedalus_and_icarus,deianira,deucalion_and_pyrrha,diomedes,electra,hector,hecuba,helen,heracles_labours,hippolytus_and_phaedra,io,iphigenia,ixion,jason,laocoon,leda,medea,meleager,memnon,menelaus,midas,minos,narcissus_and_echo,neoptolemus,nestor,niobe,odysseus_hero,oedipus,orestes,orpheus,palamedes,pandora,paris,patroclus,peleus,pelops,penelope,penthesilea,pentheus,perseus,phaethon,philoctetes,philomela_and_procne,polyxena,priam,protesilaus_and_laodamia,pygmalion,rhadamanthus_and_aeacus,sarpedon,semele,seven_against_thebes,sisyphus,tantalus,telemachus,theseus,tiresias,trophonius
achilles,,0,0,6,7,0,0,0,1,0,0,0,0,0,0,0,0,0,2,0,0,0,2,0,5,2,2,0,0,0,7,0,0,0,0,2,0,3,2,0,0,1,3,3,1,6,0,0,0,1,0,2,9,4,0,0,8,0,0,0,0,0,6,1,2,0,1,0,0,0,0,0,0,0,0,0
actaeon,0,,0,0,0,0,0,0,0,0,0,0,0,0,0,3,0,0,0,0,0,0,0,0,0,0,0,0,0,0,0,0,0,0,0,0,0,0,0,0,0,0,0,0,0,0,0,0,0,0,0,0,0,0,0,0,0,4,0,0,0,0,0,0,0,0,0,0,3,0,0,0,0,0,1,0
adrastus,0,0,,0,0,0,0,5,0,0,0,0,0,0,0,0,0,0,0,0,0,0,2,0,0,0,0,0,0,0,0,0,0,0,0,0,0,0,0,0,0,0,0,0,0,0,0,0,0,0,0,0,1,0,0,0,0,0,0,0,0,0,0,0,1,0,0,0,0,0,0,0,0,2,0,0
agamemnon,6,0,0,,3,0,0,0,0,0,0,0,0,0,0,0,0,5,7,0,0,0,2,3,2,1,2,0,0,0,5,0,0,0,0,0,0,1,3,0,0,0,2,2,0,4,0,3,0,2,0,2,2,0,3,1,1,0,0,0,2,0,2,2,1,0,0,0,0,0,0,2,1,0,0,0
ajax,7,0,0,3,,0,0,0,0,0,0,0,0,0,0,0,0,0,0,0,0,0,0,0,6,0,0,0,0,0,0,0,0,0,0,0,0,0,3,0,0,0,0,1,0,5,0,0,0,3,0,0,3,1,0,0,0,0,0,0,0,0,1,0,2,0,1,0,0,0,0,0,0,0,0,0
alcestis_and_admetus,0,0,0,0,0,,0,0,0,0,0,0,1,2,0,0,0,0,0,0,0,0,0,0,0,0,0,0,0,0,0,0,2,0,0,0,1,0,0,0,0,0,0,0,0,0,0,0,0,0,0,0,0,1,0,0,0,0,0,0,0,0,0,0,0,0,0,0,0,0,0,0,0,0,0,0
alcmene_and_amphitryon,0,0,0,0,0,0,,1,0,1,0,0,0,0,0,0,0,0,0,0,0,2,0,0,0,0,0,0,0,0,0,0,0,0,0,0,0,0,0,0,0,0,0,0,0,0,0,0,0,0,0,0,0,0,0,0,0,0,1,0,0,0,0,0,0,0,5,0,0,0,0,0,0,0,3,2
amphiaraus,0,0,5,0,0,0,1,,0,0,0,0,0,1,0,0,0,0,0,0,0,0,0,0,0,0,0,0,0,0,0,0,1,0,0,0,2,0,0,0,0,0,0,0,0,0,1,0,0,0,0,0,0,0,0,0,0,0,0,0,0,0,0,0,0,0,0,0,0,0,0,0,0,0,0,1
andromache,1,0,0,0,0,0,0,0,,0,0,0,0,0,0,0,0,1,0,0,0,0,0,0,5,3,2,0,0,0,0,0,0,0,0,0,0,0,3,0,0,0,5,0,0,3,0,1,0,0,0,0,0,1,0,0,1,0,0,0,0,0,1,2,0,0,0,0,0,0,0,0,0,0,0,0
andromeda,0,0,0,0,0,0,1,0,0,,0,0,0,0,0,0,0,0,0,0,0,0,0,0,0,0,0,0,0,0,0,0,0,0,0,0,0,0,0,0,0,1,0,0,0,0,0,0,0,0,0,0,0,0,0,0,0,0,7,0,0,0,0,0,0,0,0,0,0,0,0,0,0,0,0,0
antigone,0,0,0,0,0,0,0,0,0,0,,0,0,0,0,1,0,0,0,0,0,0,0,0,0,0,0,0,0,0,0,0,0,0,0,0,0,0,0,0,0,0,0,0,2,0,4,0,0,0,0,0,0,1,0,0,0,0,0,0,0,0,0,0,0,0,0,0,0,0,0,0,0,2,1,0
arachne,0,0,0,0,0,0,0,0,0,0,0,,0,0,0,0,0,0,0,0,0,0,0,0,0,0,0,0,0,0,0,0,0,0,0,0,0,0,0,0,0,0,0,0,2,0,0,0,0,0,0,0,0,0,0,0,0,0,0,0,0,0,0,0,0,0,0,0,0,0,0,0,0,0,0,0
argonauts,0,0,0,0,0,1,0,0,0,0,0,0,,2,0,0,0,0,0,0,0,0,0,0,0,0,0,0,0,0,0,0,1,0,0,2,1,0,0,0,0,0,0,0,0,0,0,0,2,0,0,0,0,1,0,0,0,0,0,0,0,0,0,0,0,0,0,0,0,0,0,0,0,1,0,0
atalanta,0,0,0,0,0,2,0,1,0,0,0,0,2,,0,0,0,0,0,0,0,0,0,0,0,0,0,0,0,0,0,0,4,0,0,1,5,0,0,0,0,0,0,0,0,0,0,0,0,0,0,0,0,3,0,0,0,0,0,0,0,0,0,0,0,0,0,0,0,0,0,0,0,1,0,0
bellerophon,0,0,0,0,0,0,0,0,0,0,0,0,0,0,,0,0,1,0,0,0,0,0,0,0,0,0,0,0,0,0,0,0,0,0,0,0,0,0,0,0,0,0,0,0,0,0,0,0,0,0,0,0,0,0,0,0,0,0,0,0,0,0,0,1,0,0,1,0,0,1,0,0,0,0,0
cadmus,0,3,0,0,0,0,0,0,0,0,1,0,0,0,0,,0,0,0,0,0,0,0,0,0,0,0,0,0,0,0,0,1,0,0,0,0,0,0,0,0,0,0,0,0,0,1,0,0,0,0,0,0,1,0,0,0,5,0,0,0,0,0,0,0,0,0,0,2,0,0,0,0,0,2,0
callisto,0,0,0,0,0,0,0,0,0,0,0,0,0,0,0,0,,0,0,0,0,0,0,0,0,0,0,0,0,1,0,0,0,0,0,0,0,0,0,0,0,0,0,0,0,0,0,0,0,0,0,0,0,0,0,0,0,0,0,0,0,0,0,0,0,0,0,0,0,0,0,0,0,0,0,0
cassandra,0,0,0,5,0,0,0,0,1,0,0,0,0,0,1,0,0,,2,0,0,0,0,0,3,2,1,0,0,0,0,0,0,2,0,0,0,0,0,0,0,0,1,0,0,1,0,1,0,0,0,3,0,0,0,0,0,0,0,0,0,0,2,2,0,0,0,0,0,0,0,0,0,0,0,0
clytemnestra,2,0,0,7,0,0,0,0,0,0,0,0,0,0,0,0,0,2,,0,0,0,0,5,0,0,3,0,0,0,3,0,0,0,1,0,0,0,1,0,0,0,0,0,0,1,0,4,0,0,0,0,0,0,0,1,0,0,0,0,0,0,0,0,0,0,0,0,0,0,0,0,0,0,0,0
daedalus_and_icarus,0,0,0,0,0,0,0,0,0,0,0,0,0,0,0,0,0,0,0,,0,0,0,0,0,0,0,0,0,0,0,0,0,0,0,0,0,0,0,0,4,0,0,0,0,0,0,0,0,0,0,0,0,0,0,2,0,0,0,0,0,0,0,0,0,0,0,0,0,0,0,0,0,2,0,1
deianira,0,0,0,0,0,0,0,0,0,0,0,0,0,0,0,0,0,0,0,0,,0,0,0,0,0,0,0,0,0,0,0,0,0,0,0,3,0,0,0,0,0,0,0,0,0,0,0,0,0,0,0,0,0,0,0,0,0,0,0,1,0,0,0,0,0,0,0,0,0,0,0,0,0,0,0
deucalion_and_pyrrha,0,0,0,0,0,0,2,0,0,0,0,0,0,0,0,0,0,0,0,0,0,,0,0,0,0,2,0,0,0,0,0,0,0,0,0,0,0,0,0,1,0,0,0,0,0,0,1,0,0,2,0,0,0,0,0,0,0,0,0,0,0,0,0,0,0,0,0,0,0,0,0,0,0,0,0
diomedes,2,0,2,2,0,0,0,0,0,0,0,0,0,0,0,0,0,0,0,0,0,0,,0,2,1,0,1,1,0,1,0,0,0,0,0,0,1,1,0,0,0,2,3,0,9,0,0,0,4,0,2,1,0,0,0,1,0,0,0,2,0,2,0,1,0,0,0,0,0,0,0,0,0,0,0
electra,0,0,0,3,0,0,0,0,0,0,0,0,0,0,0,0,0,0,5,0,0,0,0,,1,0,2,0,0,0,2,0,0,0,0,0,0,0,2,0,0,0,0,0,0,0,0,5,0,0,0,0,0,0,0,0,0,0,0,0,0,0,0,0,0,0,0,0,0,0,0,1,0,0,0,0
hector,5,0,0,2,6,0,0,0,5,0,0,0,0,0,0,0,0,3,0,0,0,0,2,1,,3,4,0,0,0,0,0,0,0,0,0,0,0,5,0,0,0,1,2,0,1,0,1,0,0,0,3,5,0,0,0,1,0,0,0,0,0,2,2,2,0,0,2,0,0,0,0,0,0,0,0
hecuba,2,0,0,1,0,0,0,0,3,0,0,0,0,0,0,0,0,2,0,0,0,0,1,0,3,,2,0,0,0,0,0,0,0,0,0,0,0,1,0,0,0,3,0,0,5,0,0,0,0,0,3,0,0,0,0,0,0,0,0,0,0,3,4,0,0,1,0,0,0,0,0,0,0,0,0
helen,2,0,0,2,0,0,0,0,2,0,0,0,0,0,0,0,0,1,3,0,0,2,0,2,4,2,,0,0,0,2,0,0,0,4,0,0,0,8,0,0,1,1,0,0,5,0,2,0,0,0,8,0,0,0,1,0,0,0,0,1,0,0,2,1,0,0,0,0,0,0,0,4,3,0,0
heracles_labours,0,0,0,0,0,0,0,0,0,0,0,0,0,0,0,0,0,0,0,0,0,0,1,0,0,0,0,,0,0,0,0,1,0,0,0,0,0,0,0,0,0,0,0,0,0,0,0,0,0,0,0,0,0,0,0,0,0,0,0,1,0,0,0,0,0,0,0,0,0,0,0,0,2,0,0
hippolytus_and_phaedra,0,0,0,0,0,0,0,0,0,0,0,0,0,0,0,0,0,0,0,0,0,0,1,0,0,0,0,0,,0,0,0,0,0,0,0,0,0,0,0,1,0,0,0,0,0,0,0,0,0,0,0,0,0,0,0,0,0,0,0,0,0,0,0,0,0,0,0,0,0,0,0,0,7,0,0
io,0,0,0,0,0,0,0,0,0,0,0,0,0,0,0,0,1,0,0,0,0,0,0,0,0,0,0,0,0,,0,0,0,0,0,0,0,0,0,0,0,0,0,0,0,0,0,0,0,0,0,0,0,0,0,0,0,0,1,0,0,0,0,0,0,0,0,0,0,0,0,0,0,0,0,0
iphigenia,7,0,0,5,0,0,0,0,0,0,0,0,0,0,0,0,0,0,3,0,0,0,1,2,0,0,2,0,0,0,,0,0,0,0,0,0,0,3,0,0,0,0,0,0,1,0,3,0,0,0,0,0,0,0,0,0,0,0,0,0,0,0,0,0,0,0,0,0,0,0,1,0,1,0,0
ixion,0,0,0,0,0,0,0,0,0,0,0,0,0,0,0,0,0,0,0,0,0,0,0,0,0,0,0,0,0,0,0,,0,0,0,0,0,0,0,0,0,0,0,0,0,0,0,0,2,0,0,0,0,0,0,0,0,0,0,0,0,0,0,0,0,0,0,0,0,0,1,2,0,0,0,0
jason,0,0,0,0,0,2,0,1,0,0,0,0,1,4,0,1,0,0,0,0,0,0,0,0,0,0,0,1,0,0,0,0,,0,0,9,2,0,0,0,0,0,0,1,0,0,0,0,2,0,0,0,0,3,0,0,0,0,0,0,0,0,0,0,0,0,0,0,0,0,0,0,0,0,0,0
laocoon,0,0,0,0,0,0,0,0,0,0,0,0,0,0,0,0,0,2,0,0,0,0,0,0,0,0,0,0,0,0,0,0,0,,0,0,0,0,0,0,0,0,0,0,0,0,0,0,0,0,0,0,0,0,0,0,0,0,0,0,0,0,0,0,0,0,0,0,0,0,0,0,0,0,0,0
leda,0,0,0,0,0,0,0,0,0,0,0,0,0,0,0,0,0,0,1,0,0,0,0,0,0,0,4,0,0,0,0,0,0,0,,0,0,0,0,0,0,1,0,0,0,0,0,1,0,0,0,0,0,0,0,0,0,0,0,0,0,0,0,0,0,0,0,0,0,0,0,0,0,0,0,0
medea,2,0,0,0,0,0,0,0,0,0,0,0,2,1,0,0,0,0,0,0,0,0,0,0,0,0,0,0,0,0,0,0,9,0,0,,0,0,0,0,0,0,0,0,0,0,0,0,3,0,0,0,0,1,0,0,0,0,1,0,0,0,0,0,0,0,0,0,0,0,1,0,0,3,0,0
meleager,0,0,0,0,0,1,0,2,0,0,0,0,1,5,0,0,0,0,0,0,3,0,0,0,0,0,0,0,0,0,0,0,2,0,0,0,,0,0,0,0,0,0,1,0,0,0,0,0,0,0,0,0,2,0,0,0,0,0,0,0,0,0,0,1,0,0,0,0,0,0,0,0,2,0,0
memnon,3,0,0,1,0,0,0,0,0,0,0,0,0,0,0,0,0,0,0,0,0,0,1,0,0,0,0,0,0,0,0,0,0,0,0,0,0,,1,0,0,0,0,2,0,1,0,0,0,0,0,1,0,0,0,0,0,0,0,0,0,0,0,3,0,0,0,1,0,0,0,0,0,0,0,0
menelaus,2,0,0,3,3,0,0,0,3,0,0,0,0,0,0,0,0,0,1,0,0,0,1,2,5,1,8,0,0,0,3,0,0,0,0,0,0,1,,0,0,0,4,3,0,4,0,2,0,0,0,4,3,2,1,0,1,0,0,0,0,0,0,1,0,0,0,0,0,0,0,1,3,0,0,0
midas,0,0,0,0,0,0,0,0,0,0,0,0,0,0,0,0,0,0,0,0,0,0,0,0,0,0,0,0,0,0,0,0,0,0,0,0,0,0,0,,0,0,0,0,0,0,0,0,1,0,0,0,0,0,0,0,0,0,0,0,0,0,0,0,0,0,0,0,0,0,0,0,0,0,0,0
minos,0,0,0,0,0,0,0,0,0,0,0,0,0,0,0,0,0,0,0,4,0,1,0,0,0,0,0,0,1,0,0,0,0,0,0,0,0,0,0,0,,0,0,0,0,0,0,0,0,0,0,0,0,0,0,0,0,0,0,0,0,0,0,0,0,0,6,5,0,0,0,0,0,5,0,0
narcissus_and_echo,1,0,0,0,0,0,0,0,0,1,0,0,0,0,0,0,0,0,0,0,0,0,0,0,0,0,1,0,0,0,0,0,0,0,1,0,0,0,0,0,0,,0,0,0,0,0,0,0,0,0,0,0,0,0,0,0,0,0,0,0,0,0,0,0,0,0,0,0,0,0,0,0,0,2,0
neoptolemus,3,0,0,2,0,0,0,0,5,0,0,0,0,0,0,0,0,1,0,0,0,0,2,0,1,3,1,0,0,0,0,0,0,0,0,0,0,0,4,0,0,0,,0,0,6,0,5,0,0,0,0,0,2,0,0,1,0,0,0,7,0,3,2,0,0,1,0,0,0,0,0,0,0,0,0
nestor,3,0,0,2,1,0,0,0,0,0,0,0,0,0,0,0,0,0,0,0,0,0,3,0,2,0,0,0,0,0,0,0,1,0,0,0,1,2,3,0,0,0,0,,0,3,0,0,0,0,0,2,2,0,0,0,0,0,1,0,0,0,1,0,1,0,0,0,0,0,1,0,3,1,0,0
niobe,1,0,0,0,0,0,0,0,0,0,2,2,0,0,0,0,0,0,0,0,0,0,0,0,0,0,0,0,0,0,0,0,0,0,0,0,0,0,0,0,0,0,0,0,,0,0,0,0,0,0,0,0,0,3,0,0,0,0,0,0,1,0,1,0,0,0,0,0,0,0,2,0,0,0,0
odysseus_hero,6,0,0,4,5,0,0,0,3,0,0,0,0,0,0,0,0,1,1,0,0,0,9,0,1,5,5,0,0,0,1,0,0,0,0,0,0,1,4,0,0,0,6,3,0,,0,0,0,6,0,1,0,0,0,5,0,0,0,0,6,0,3,1,2,0,0,0,0,0,2,1,3,0,2,0
oedipus,0,0,0,0,0,0,0,1,0,0,4,0,0,0,0,1,0,0,0,0,0,0,0,0,0,0,0,0,0,0,0,0,0,0,0,0,0,0,0,0,0,0,0,0,0,0,,0,0,0,0,0,0,0,0,0,0,0,0,0,0,0,0,0,0,0,0,0,0,0,0,0,0,3,2,0
orestes,0,0,0,3,0,0,0,0,1,0,0,0,0,0,0,0,0,1,4,0,0,1,0,5,1,0,2,0,0,0,3,0,0,0,1,0,0,0,2,0,0,0,5,0,0,0,0,,0,0,0,0,0,1,1,0,0,0,0,0,0,0,0,0,1,0,0,0,0,0,0,1,1,0,0,0
orpheus,0,0,0,0,0,0,0,0,0,0,0,0,2,0,0,0,0,0,0,0,0,0,0,0,0,0,0,0,0,0,0,2,2,0,0,3,0,0,0,1,0,0,0,0,0,0,0,0,,0,0,0,0,0,0,0,0,0,0,0,0,0,0,0,0,1,0,0,0,0,2,1,0,0,0,0
palamedes,1,0,0,2,3,0,0,0,0,0,0,0,0,0,0,0,0,0,0,0,0,0,4,0,0,0,0,0,0,0,0,0,0,0,0,0,0,0,0,0,0,0,0,0,0,6,0,0,0,,0,1,0,0,0,1,0,0,0,0,0,0,0,1,2,0,0,1,0,0,0,0,4,0,0,0
pandora,0,0,0,0,0,0,0,0,0,0,0,0,0,0,0,0,0,0,0,0,0,2,0,0,0,0,0,0,0,0,0,0,0,0,0,0,0,0,0,0,0,0,0,0,0,0,0,0,0,0,,0,0,0,0,0,0,0,0,0,0,0,0,0,0,0,0,0,0,0,0,0,0,0,0,0
paris,2,0,0,2,0,0,0,0,0,0,0,0,0,0,0,0,0,3,0,0,0,0,2,0,3,3,8,0,0,0,0,0,0,0,0,0,0,1,4,0,0,0,0,2,0,1,0,0,0,1,0,,0,2,0,0,1,0,0,0,3,0,3,4,0,0,2,0,0,0,0,0,0,0,0,0
patroclus,9,0,1,2,3,0,0,0,0,0,0,0,0,0,0,0,0,0,0,0,0,0,1,0,5,0,0,0,0,0,0,0,0,0,0,0,0,0,3,0,0,0,0,2,0,0,0,0,0,0,0,0,,3,0,0,0,0,0,0,0,1,0,0,1,0,0,4,0,0,0,0,0,0,0,0
peleus,4,0,0,0,1,1,0,0,1,0,1,0,1,3,0,1,0,0,0,0,0,0,0,0,0,0,0,0,0,0,0,0,3,0,0,1,2,0,2,0,0,0,2,0,0,0,0,1,0,0,0,2,3,,0,0,0,0,0,0,0,0,0,1,0,0,3,0,0,0,0,0,0,0,0,0
pelops,0,0,0,3,0,0,0,0,0,0,0,0,0,0,0,0,0,0,0,0,0,0,0,0,0,0,0,0,0,0,0,0,0,0,0,0,0,0,1,0,0,0,0,0,3,0,0,1,0,0,0,0,0,0,,0,0,0,0,0,0,0,0,0,0,0,1,0,0,0,0,3,0,1,0,0
penelope,0,0,0,1,0,0,0,0,0,0,0,0,0,0,0,0,0,0,1,2,0,0,0,0,0,0,1,0,0,0,0,0,0,0,0,0,0,0,0,0,0,0,0,0,0,5,0,0,0,1,0,0,0,0,0,,0,0,0,0,0,0,0,0,0,0,0,0,0,0,0,0,2,0,0,0
penthesilea,8,0,0,1,0,0,0,0,1,0,0,0,0,0,0,0,0,0,0,0,0,0,1,0,1,0,0,0,0,0,0,0,0,0,0,0,0,0,1,0,0,0,1,0,0,0,0,0,0,0,0,1,0,0,0,0,,0,0,0,0,0,0,4,0,0,0,0,0,0,0,0,0,0,0,0
pentheus,0,4,0,0,0,0,0,0,0,0,0,0,0,0,0,5,0,0,0,0,0,0,0,0,0,0,0,0,0,0,0,0,0,0,0,0,0,0,0,0,0,0,0,0,0,0,0,0,0,0,0,0,0,0,0,0,0,,0,0,0,0,0,0,0,0,0,0,2,0,0,0,0,0,2,0
perseus,0,0,0,0,0,0,1,0,0,7,0,0,0,0,0,0,0,0,0,0,0,0,0,0,0,0,0,0,0,1,0,0,0,0,0,1,0,0,0,0,0,0,0,1,0,0,0,0,0,0,0,0,0,0,0,0,0,0,,0,0,0,0,0,0,0,0,0,0,0,0,0,0,0,0,0
phaethon,0,0,0,0,0,0,0,0,0,0,0,0,0,0,0,0,0,0,0,0,0,0,0,0,0,0,0,0,0,0,0,0,0,0,0,0,0,0,0,0,0,0,0,0,0,0,0,0,0,0,0,0,0,0,0,0,0,0,0,,0,0,0,0,0,0,0,0,0,0,0,0,0,0,0,0
philoctetes,0,0,0,2,0,0,0,0,0,0,0,0,0,0,0,0,0,0,0,0,1,0,2,0,0,0,1,1,0,0,0,0,0,0,0,0,0,0,0,0,0,0,7,0,0,6,0,0,0,0,0,3,0,0,0,0,0,0,0,0,,0,0,1,0,0,0,0,0,0,0,0,0,0,0,0
philomela_and_procne,0,0,0,0,0,0,0,0,0,0,0,0,0,0,0,0,0,0,0,0,0,0,0,0,0,0,0,0,0,0,0,0,0,0,0,0,0,0,0,0,0,0,0,0,1,0,0,0,0,0,0,0,1,0,0,0,0,0,0,0,0,,0,0,0,0,0,0,0,0,0,0,0,0,0,0
polyxena,6,0,0,2,1,0,0,0,1,0,0,0,0,0,0,0,0,2,0,0,0,0,2,0,2,3,0,0,0,0,0,0,0,0,0,0,0,0,0,0,0,0,3,1,0,3,0,0,0,0,0,3,0,0,0,0,0,0,0,0,0,0,,2,0,0,0,0,0,0,0,0,0,0,0,0
priam,1,0,0,2,0,0,0,0,2,0,0,0,0,0,0,0,0,2,0,0,0,0,0,0,2,4,2,0,0,0,0,0,0,0,0,0,0,3,1,0,0,0,2,0,1,1,0,0,0,1,0,4,0,1,0,0,4,0,0,0,1,0,2,,0,0,1,0,0,0,0,0,0,0,0,0
protesilaus_and_laodamia,2,0,1,1,2,0,0,0,0,0,0,0,0,0,1,0,0,0,0,0,0,0,1,0,2,0,1,0,0,0,0,0,0,0,0,0,1,0,0,0,0,0,0,1,0,2,0,1,0,2,0,0,1,0,0,0,0,0,0,0,0,0,0,0,,0,0,1,0,0,0,0,0,0,0,0
pygmalion,0,0,0,0,0,0,0,0,0,0,0,0,0,0,0,0,0,0,0,0,0,0,0,0,0,0,0,0,0,0,0,0,0,0,0,0,0,0,0,0,0,0,0,0,0,0,0,0,1,0,0,0,0,0,0,0,0,0,0,0,0,0,0,0,0,,0,0,0,0,0,0,0,0,0,0
rhadamanthus_and_aeacus,1,0,0,0,1,0,5,0,0,0,0,0,0,0,0,0,0,0,0,0,0,0,0,0,0,1,0,0,0,0,0,0,0,0,0,0,0,0,0,0,6,0,1,0,0,0,0,0,0,0,0,2,0,3,1,0,0,0,0,0,0,0,0,1,0,0,,1,0,0,0,0,0,0,0,0
sarpedon,0,0,0,0,0,0,0,0,0,0,0,0,0,0,1,0,0,0,0,0,0,0,0,0,2,0,0,0,0,0,0,0,0,0,0,0,0,1,0,0,5,0,0,0,0,0,0,0,0,1,0,0,4,0,0,0,0,0,0,0,0,0,0,0,1,0,1,,0,0,0,0,0,0,0,0
semele,0,3,0,0,0,0,0,0,0,0,0,0,0,0,0,2,0,0,0,0,0,0,0,0,0,0,0,0,0,0,0,0,0,0,0,0,0,0,0,0,0,0,0,0,0,0,0,0,0,0,0,0,0,0,0,0,0,2,0,0,0,0,0,0,0,0,0,0,,0,0,0,0,0,0,0
seven_against_thebes,0,0,0,0,0,0,0,0,0,0,0,0,0,0,0,0,0,0,0,0,0,0,0,0,0,0,0,0,0,0,0,0,0,0,0,0,0,0,0,0,0,0,0,0,0,0,0,0,0,0,0,0,0,0,0,0,0,0,0,0,0,0,0,0,0,0,0,0,0,,0,0,0,2,0,0
sisyphus,0,0,0,0,0,0,0,0,0,0,0,0,0,0,1,0,0,0,0,0,0,0,0,0,0,0,0,0,0,0,0,1,0,0,0,1,0,0,0,0,0,0,0,1,0,2,0,0,2,0,0,0,0,0,0,0,0,0,0,0,0,0,0,0,0,0,0,0,0,0,,1,0,0,0,0
tantalus,0,0,0,2,0,0,0,0,0,0,0,0,0,0,0,0,0,0,0,0,0,0,0,1,0,0,0,0,0,0,1,2,0,0,0,0,0,0,1,0,0,0,0,0,2,1,0,1,1,0,0,0,0,0,3,0,0,0,0,0,0,0,0,0,0,0,0,0,0,0,1,,0,0,0,0
telemachus,0,0,0,1,0,0,0,0,0,0,0,0,0,0,0,0,0,0,0,0,0,0,0,0,0,0,4,0,0,0,0,0,0,0,0,0,0,0,3,0,0,0,0,3,0,3,0,1,0,4,0,0,0,0,0,2,0,0,0,0,0,0,0,0,0,0,0,0,0,0,0,0,,0,0,0
theseus,0,0,2,0,0,0,0,0,0,0,2,0,1,1,0,0,0,0,0,2,0,0,0,0,0,0,3,2,7,0,1,0,0,0,0,3,2,0,0,0,5,0,0,1,0,0,3,0,0,0,0,0,0,0,1,0,0,0,0,0,0,0,0,0,0,0,0,0,0,2,0,0,0,,0,0
tiresias,0,1,0,0,0,0,3,0,0,0,1,0,0,0,0,2,0,0,0,0,0,0,0,0,0,0,0,0,0,0,0,0,0,0,0,0,0,0,0,0,0,2,0,0,0,2,2,0,0,0,0,0,0,0,0,0,0,2,0,0,0,0,0,0,0,0,0,0,0,0,0,0,0,0,,0
trophonius,0,0,0,0,0,0,2,1,0,0,0,0,0,0,0,0,0,0,0,1,0,0,0,0,0,0,0,0,0,0,0,0,0,0,0,0,0,0,0,0,0,0,0,0,0,0,0,0,0,0,0,0,0,0,0,0,0,0,0,0,0,0,0,0,0,0,0,0,0,0,0,0,0,0,0,
